[{
    "UserName" : "Alex",
    "CourseName" : "Java",
    "TimeDuration" : "28 hrs",
    "Credits": "Good"
},
{
    "UserName" : "Jenik",
    "CourseName" : "Html&CSS",
    "TimeDuration" : "15hrs",
    "Credits": "Medium"
},
{
    "UserName" : "kevin",
    "CourseName" : "Python",
    "TimeDuration" : "20 hrs",
    "Credits": "not bad"
},
{
    "UserName" : "Laci",
    "CourseName" : "SQL",
    "TimeDuration" : "15hrs",
    "Credits": "Good"
},
{
    "UserName" : "cathy",
    "CourseName" : "Jquery",
    "TimeDuration" : "15hrs",
    "Credits" : "Good"
}

]