[{
    "TrainerName" : "Ann",
    "CourseName" : "Java",
    "TrainingsDuration" : "28 hrs",
    "Ratings" : "3"
    
},
{
    "TrainerName" : "jack",
    "CourseName" : "Html&CSS",
    "TrainingsDuration" : "15hrs",
    "Ratings" : "2"

},
{
    "TrainerName" : "keols",
    "CourseName" : "Python",
    "TrainingsDuration" : "20 hrs",
    "Ratings" : "4"
    
},
{
    "TrainerName" : "Leo",
    "CourseName" : "SQL",
    "TrainingsDuration" : "15hrs",
    "Ratings" : "5"
    
},
{
    "TrainerName" : "jack",
    "CourseName" : "Jquery",
    "TrainingsDuration" : "15hrs",
    "Ratings" : "1"
    
}

]