[{
    "TrainerName" : "Ann",
    "CourseName" : "Java",
    "TimeDuration" : "28 hrs",
    "Rating" : "3.5",
    "CompletionStatus": "25"
},
{
    "TrainerName" : "jack",
    "CourseName" : "Html&CSS",
    "TimeDuration" : "15hrs",
    "Rating" : "4",
    "CompletionStatus": "50"
},
{
    "TrainerName" : "keols",
    "CourseName" : "Python",
    "TimeDuration" : "20 hrs",
    "Rating" : "3",
    "CompletionStatus": "45"
},
{
    "TrainerName" : "Leo",
    "CourseName" : "SQL",
    "TimeDuration" : "15hrs",
    "Rating" : "4",
    "CompletionStatus": "55"
},
{
    "TrainerName" : "jack",
    "CourseName" : "Jquery",
    "TimeDuration" : "15hrs",
    "Rating" : "4",
    "CompletionStatus" : "75"
}

]