[{
    "MentorName" : "Ann",
    "CourseName" : "Java",
    "DurationOfCourse" : "28hrs",
    "TrainingCompleted" : "3",
    "Rating" : "5"
},
{
    "MentorName" : "Jack",
    "CourseName" : "Html&CSS",
    "DurationOfCourse" : "15hrs",
    "TrainingCompleted" : "4",
    "Rating" : "4"
    
},
{
    "MentorName" : "keols",
    "CourseName" : "python",
    "DurationOfCourse" : "22hrs",
    "TrainingCompleted" : "2",
    "Rating" : "3"
},
{
    "MentorName" : "leo",
    "CourseName" : "Spring",
    "DurationOfCourse" : "18hrs",
    "TrainingCompleted" : "2",
    "Rating" : "3"
},
{
    "MentorName" : "Jack",
    "CourseName" : "HTML",
    "DurationOfCourse" : "10hrs",
    "TrainingCompleted" : "5",
    "Rating" : "4"
},
{
    "MentorName" : "Surya",
    "CourseName" : "CSS",
    "DurationOfCourse" : "7hrs",
    "TrainingCompleted" : "4",
    "Rating" : "3"
},
{
    "MentorName" : "Arjun",
    "CourseName" : "Jquery",
    "DurationOfCourse" : "16hrs",
    "TrainingCompleted" : "3",
    "Rating" : "4"
},
{
    "MentorName" : "Karhtik",
    "CourseName" : "Bootstrap",
    "DurationOfCourse" : "15hrs",
    "TrainingCompleted" : "4",
    "Rating" : "3"
}]