[{
    "CourseName" : "Java",
    "TimeDuration" : "28 hrs",
    "CompletionCount": "2"
},
{
    
    "CourseName" : "Html&CSS",
    "TimeDuration" : "15hrs",
    "CompletionCount": "5"
},
{

    "CourseName" : "Python",
    "TimeDuration" : "20 hrs",
    "CompletionCount": "3"
},
{
    
    "CourseName" : "SQL",
    "TimeDuration" : "15hrs",
    "CompletionCount": "5"
},
{
    
    "CourseName" : "Jquery",
    "TimeDuration" : "15hrs",
    "CompletionCount" : "3"
}

]